name,price,seller_name,seller_years,seller_response_rate,image,link
,,"Guangzhou J&y Safety Products Manufacturer Co., Ltd.",13 YRS,,,
,,"Jiangyin Sian Plastic Protech Co., Ltd.",6 YRS,,https://img.alicdn.com/tfs/TB1S_7kkY5YBuNjSspoXXbeNFXa-700-700.jpg_350x350.jpg,
,,"Suzhou Fangtian Industries Co., Limited",7 YRS,,https://img.alicdn.com/tfs/TB1S_7kkY5YBuNjSspoXXbeNFXa-700-700.jpg_350x350.jpg,
,,"Zhuhai Zorosy Technology Co., Ltd.",4 YRS,,https://img.alicdn.com/tfs/TB1S_7kkY5YBuNjSspoXXbeNFXa-700-700.jpg_350x350.jpg,
,,"Jiangmen City Jianghai District Gold Dali Sponge Products Co., Ltd.",6 YRS,,https://img.alicdn.com/tfs/TB1S_7kkY5YBuNjSspoXXbeNFXa-700-700.jpg_350x350.jpg,
,,"Guangzhou Junyue Foam Earplug Co., Ltd.",11 YRS,,https://img.alicdn.com/tfs/TB1S_7kkY5YBuNjSspoXXbeNFXa-700-700.jpg_350x350.jpg,
,,"Safecare Medical Products Co., Ltd. (Hefei)",9 YRS,,https://img.alicdn.com/tfs/TB1S_7kkY5YBuNjSspoXXbeNFXa-700-700.jpg_350x350.jpg,
,,"Jiangyin Sian Plastic Protech Co., Ltd.",6 YRS,,https://img.alicdn.com/tfs/TB1S_7kkY5YBuNjSspoXXbeNFXa-700-700.jpg_350x350.jpg,
,,"Shenzhen Feixin Intelligent Co., Ltd.",2 YRS,,https://s.alicdn.com/@sc04/kf/Hfd05a463894b46e99c6177b9ae78690ff.jpg_300x300.jpg,
,,"Shenzhen Qingcheng E-Commerce Co., Ltd.",1 YRS,,https://img.alicdn.com/tfs/TB1S_7kkY5YBuNjSspoXXbeNFXa-700-700.jpg_350x350.jpg,
,,"Opptel Co., Ltd",2 YRS,,https://img.alicdn.com/tfs/TB1S_7kkY5YBuNjSspoXXbeNFXa-700-700.jpg_350x350.jpg,
,,"Guangxi Pingguo Rongheng Electronic Technology Co., Ltd.",1 YRS,,https://img.alicdn.com/tfs/TB1S_7kkY5YBuNjSspoXXbeNFXa-700-700.jpg_350x350.jpg,
,,"Shenzhen Go-On Electronics Co., Ltd.",16 YRS,,https://img.alicdn.com/tfs/TB1S_7kkY5YBuNjSspoXXbeNFXa-700-700.jpg_350x350.jpg,
,,"Shenzhen Siberia Electronic Co., Ltd.",13 YRS,,https://img.alicdn.com/tfs/TB1S_7kkY5YBuNjSspoXXbeNFXa-700-700.jpg_350x350.jpg,
,,"Shenzhen Fever Technology Co., Ltd.",1 YRS,,https://img.alicdn.com/tfs/TB1S_7kkY5YBuNjSspoXXbeNFXa-700-700.jpg_350x350.jpg,
,,"Shenzhen Xunjia Technology Co., Ltd.",3 YRS,,https://img.alicdn.com/tfs/TB1S_7kkY5YBuNjSspoXXbeNFXa-700-700.jpg_350x350.jpg,
,,"Ningbo Welwork Ppe Co., Ltd.",6 YRS,,https://s.alicdn.com/@sc04/kf/Hc838e7defb2e48e8b14252dff6d99012j.jpg_300x300.jpg,
,,"Xi'an Personal Protective Equipment Co., Ltd.",5 YRS,,https://img.alicdn.com/tfs/TB1S_7kkY5YBuNjSspoXXbeNFXa-700-700.jpg_350x350.jpg,
,,"Jiangsu Huibaicheng Machinery Co., Ltd.",1 YRS,,https://img.alicdn.com/tfs/TB1S_7kkY5YBuNjSspoXXbeNFXa-700-700.jpg_350x350.jpg,
,,"Welift Machinery (Changzhou) Co., Ltd.",2 YRS,,https://img.alicdn.com/tfs/TB1S_7kkY5YBuNjSspoXXbeNFXa-700-700.jpg_350x350.jpg,
,,"Shanghai Guang'an Labor Protection Products Co., Ltd.",1 YRS,,https://img.alicdn.com/tfs/TB1S_7kkY5YBuNjSspoXXbeNFXa-700-700.jpg_350x350.jpg,
,,"Shenzhen Jingzhi Design Co., Ltd.",1 YRS,,https://img.alicdn.com/tfs/TB1S_7kkY5YBuNjSspoXXbeNFXa-700-700.jpg_350x350.jpg,
,,"Zhongshan Guang'an Labor Protection Articles Co., Ltd.",1 YRS,,https://img.alicdn.com/tfs/TB1S_7kkY5YBuNjSspoXXbeNFXa-700-700.jpg_350x350.jpg,
,,"Yiwu City Qiyuan Trading Co., Ltd.",2 YRS,,https://img.alicdn.com/tfs/TB1S_7kkY5YBuNjSspoXXbeNFXa-700-700.jpg_350x350.jpg,
,,Supplier,2 YRS,,https://s.alicdn.com/@sc04/kf/Ufdfcf7cb3443410ba2cf74b88258167af.jpg_300x300.jpg,
,,Supplier,4 YRS,,https://img.alicdn.com/tfs/TB1S_7kkY5YBuNjSspoXXbeNFXa-700-700.jpg_350x350.jpg,
,,Supplier,1 YRS,,https://img.alicdn.com/tfs/TB1S_7kkY5YBuNjSspoXXbeNFXa-700-700.jpg_350x350.jpg,
,,Supplier,13 YRS,,https://img.alicdn.com/tfs/TB1S_7kkY5YBuNjSspoXXbeNFXa-700-700.jpg_350x350.jpg,
,,Supplier,2 YRS,,https://img.alicdn.com/tfs/TB1S_7kkY5YBuNjSspoXXbeNFXa-700-700.jpg_350x350.jpg,
,,Supplier,4 YRS,,https://img.alicdn.com/tfs/TB1S_7kkY5YBuNjSspoXXbeNFXa-700-700.jpg_350x350.jpg,
,,Supplier,4 YRS,,https://img.alicdn.com/tfs/TB1S_7kkY5YBuNjSspoXXbeNFXa-700-700.jpg_350x350.jpg,
,,Supplier,3 YRS,,https://img.alicdn.com/tfs/TB1S_7kkY5YBuNjSspoXXbeNFXa-700-700.jpg_350x350.jpg,
,,Supplier,1 YRS,,https://s.alicdn.com/@sc04/kf/H897fc3a75ad14367b8fd0b8ea6e6f576c.jpg_300x300.jpg,
,,Supplier,1 YRS,,https://img.alicdn.com/tfs/TB1S_7kkY5YBuNjSspoXXbeNFXa-700-700.jpg_350x350.jpg,
,,Supplier,3 YRS,,https://img.alicdn.com/tfs/TB1S_7kkY5YBuNjSspoXXbeNFXa-700-700.jpg_350x350.jpg,
,,Supplier,3 YRS,,https://img.alicdn.com/tfs/TB1S_7kkY5YBuNjSspoXXbeNFXa-700-700.jpg_350x350.jpg,
,,Supplier,5 YRS,,https://img.alicdn.com/tfs/TB1S_7kkY5YBuNjSspoXXbeNFXa-700-700.jpg_350x350.jpg,
,,Supplier,2 YRS,,https://img.alicdn.com/tfs/TB1S_7kkY5YBuNjSspoXXbeNFXa-700-700.jpg_350x350.jpg,
,,Supplier,3 YRS,,https://img.alicdn.com/tfs/TB1S_7kkY5YBuNjSspoXXbeNFXa-700-700.jpg_350x350.jpg,
,,Supplier,1 YRS,,https://img.alicdn.com/tfs/TB1S_7kkY5YBuNjSspoXXbeNFXa-700-700.jpg_350x350.jpg,
,,"Guangzhou Plextone Manufacturing Co., Ltd.",6 YRS,,https://s.alicdn.com/@sc04/kf/H7bfe7f3b478d46bfb35811821a0b5a0b7.jpg_300x300.jpg,
,,"Shenzhen Arich Technology Co., Ltd.",2 YRS,,https://img.alicdn.com/tfs/TB1S_7kkY5YBuNjSspoXXbeNFXa-700-700.jpg_350x350.jpg,
,,"Dong Guan Moyin Electronic Technology Co., Ltd",1 YRS,,https://img.alicdn.com/tfs/TB1S_7kkY5YBuNjSspoXXbeNFXa-700-700.jpg_350x350.jpg,
,,"Kayjeton (shenzhen) Technology Co., Ltd.",5 YRS,,https://img.alicdn.com/tfs/TB1S_7kkY5YBuNjSspoXXbeNFXa-700-700.jpg_350x350.jpg,
,,"Shenzhen Belking Electronic Co., Ltd.",9 YRS,,https://img.alicdn.com/tfs/TB1S_7kkY5YBuNjSspoXXbeNFXa-700-700.jpg_350x350.jpg,
,,"Ailier (Guangzhou) Technology Co., Ltd.",1 YRS,,https://img.alicdn.com/tfs/TB1S_7kkY5YBuNjSspoXXbeNFXa-700-700.jpg_350x350.jpg,
,,Shenzhen Chanlong Technology Ltd.,1 YRS,,https://img.alicdn.com/tfs/TB1S_7kkY5YBuNjSspoXXbeNFXa-700-700.jpg_350x350.jpg,
,,"Shenzhen Hengye Technology Co., Ltd.",7 YRS,,https://img.alicdn.com/tfs/TB1S_7kkY5YBuNjSspoXXbeNFXa-700-700.jpg_350x350.jpg,
,,Supplier,5 YRS,,https://s.alicdn.com/@sc04/kf/He263feabf94d4882bf49d8d229db88ffS.jpg_300x300.jpg,
,,Supplier,13 YRS,,https://img.alicdn.com/tfs/TB1S_7kkY5YBuNjSspoXXbeNFXa-700-700.jpg_350x350.jpg,
,,Supplier,7 YRS,,https://img.alicdn.com/tfs/TB1S_7kkY5YBuNjSspoXXbeNFXa-700-700.jpg_350x350.jpg,
,,Supplier,3 YRS,,https://img.alicdn.com/tfs/TB1S_7kkY5YBuNjSspoXXbeNFXa-700-700.jpg_350x350.jpg,
,,Supplier,3 YRS,,https://img.alicdn.com/tfs/TB1S_7kkY5YBuNjSspoXXbeNFXa-700-700.jpg_350x350.jpg,
,,Supplier,8 YRS,,https://img.alicdn.com/tfs/TB1S_7kkY5YBuNjSspoXXbeNFXa-700-700.jpg_350x350.jpg,
,,Supplier,4 YRS,,https://img.alicdn.com/tfs/TB1S_7kkY5YBuNjSspoXXbeNFXa-700-700.jpg_350x350.jpg,
,,Supplier,5 YRS,,https://img.alicdn.com/tfs/TB1S_7kkY5YBuNjSspoXXbeNFXa-700-700.jpg_350x350.jpg,
,,"Kayjeton (shenzhen) Technology Co., Ltd.",5 YRS,,https://s.alicdn.com/@sc04/kf/H1615d7b0a7164fb6a73b55fc3328eb83d.jpg_300x300.jpg,
,,"Shenzhen Hengye Technology Co., Ltd.",7 YRS,,https://img.alicdn.com/tfs/TB1S_7kkY5YBuNjSspoXXbeNFXa-700-700.jpg_350x350.jpg,
,,"Guangzhou Chaoyue Business Co., Ltd.",2 YRS,,https://img.alicdn.com/tfs/TB1S_7kkY5YBuNjSspoXXbeNFXa-700-700.jpg_350x350.jpg,
,,"Shenzhen Boda Technology Co., Ltd.",1 YRS,,https://img.alicdn.com/tfs/TB1S_7kkY5YBuNjSspoXXbeNFXa-700-700.jpg_350x350.jpg,
,,"Shenzhen Weihao Electronic Technology Co., Ltd.",1 YRS,,https://img.alicdn.com/tfs/TB1S_7kkY5YBuNjSspoXXbeNFXa-700-700.jpg_350x350.jpg,
,,"Shenzhen Vision Electronics Co., Ltd.",9 YRS,,https://img.alicdn.com/tfs/TB1S_7kkY5YBuNjSspoXXbeNFXa-700-700.jpg_350x350.jpg,
,,"Yiwu Qili Electronics Co., Ltd.",2 YRS,,https://img.alicdn.com/tfs/TB1S_7kkY5YBuNjSspoXXbeNFXa-700-700.jpg_350x350.jpg,
,,"Shenzhen Beelinr Tech Co., Ltd.",6 YRS,,https://img.alicdn.com/tfs/TB1S_7kkY5YBuNjSspoXXbeNFXa-700-700.jpg_350x350.jpg,
,,Supplier,3 YRS,,https://s.alicdn.com/@sc04/kf/Ha111f78f6703487b93edd317f173f5cbX.jpg_300x300.jpg,
,,Supplier,1 YRS,,https://img.alicdn.com/tfs/TB1S_7kkY5YBuNjSspoXXbeNFXa-700-700.jpg_350x350.jpg,
,,Supplier,2 YRS,,https://img.alicdn.com/tfs/TB1S_7kkY5YBuNjSspoXXbeNFXa-700-700.jpg_350x350.jpg,
,,Supplier,8 YRS,,https://img.alicdn.com/tfs/TB1S_7kkY5YBuNjSspoXXbeNFXa-700-700.jpg_350x350.jpg,
,,Supplier,1 YRS,,https://img.alicdn.com/tfs/TB1S_7kkY5YBuNjSspoXXbeNFXa-700-700.jpg_350x350.jpg,
,,Supplier,3 YRS,,https://img.alicdn.com/tfs/TB1S_7kkY5YBuNjSspoXXbeNFXa-700-700.jpg_350x350.jpg,
,,Supplier,1 YRS,,https://img.alicdn.com/tfs/TB1S_7kkY5YBuNjSspoXXbeNFXa-700-700.jpg_350x350.jpg,
,,Supplier,12 YRS,,https://img.alicdn.com/tfs/TB1S_7kkY5YBuNjSspoXXbeNFXa-700-700.jpg_350x350.jpg,
,,Supplier,4 YRS,,https://s.alicdn.com/@sc04/kf/HTB1cXKrKXmWBuNjSspdq6zugXXak.jpg_300x300.jpg,
,,Supplier,1 YRS,,https://img.alicdn.com/tfs/TB1S_7kkY5YBuNjSspoXXbeNFXa-700-700.jpg_350x350.jpg,
,,Supplier,2 YRS,,https://img.alicdn.com/tfs/TB1S_7kkY5YBuNjSspoXXbeNFXa-700-700.jpg_350x350.jpg,
,,Supplier,2 YRS,,https://img.alicdn.com/tfs/TB1S_7kkY5YBuNjSspoXXbeNFXa-700-700.jpg_350x350.jpg,
,,Supplier,3 YRS,,https://img.alicdn.com/tfs/TB1S_7kkY5YBuNjSspoXXbeNFXa-700-700.jpg_350x350.jpg,
,,Supplier,4 YRS,,https://img.alicdn.com/tfs/TB1S_7kkY5YBuNjSspoXXbeNFXa-700-700.jpg_350x350.jpg,
,,Supplier,3 YRS,,https://img.alicdn.com/tfs/TB1S_7kkY5YBuNjSspoXXbeNFXa-700-700.jpg_350x350.jpg,
,,Supplier,10 YRS,,https://img.alicdn.com/tfs/TB1S_7kkY5YBuNjSspoXXbeNFXa-700-700.jpg_350x350.jpg,
